tentuka,
penyakal,
enda,
ngeruga,
projek,
pemansang,
ke,
pengelantang,
rayat,
utusan,
borneo,
langkau,
kandungan,
utama,
isnin ,
mei,
    pm,
sarawak,
sabah,
nasional,
dunia,
iban,
sukan,
ekonomi,
mahkamah,
rencana,
horizon,
hiburan,
kolum,
tvub,
anda,
di,
sinihalaman,
          t              ,
berandau ,
uggah,
benung,
berandau,
enggau,
tuai,
rumah,
benard,
 kiba ,
ronald,
sereta,
petrus ,
kuching ,
bebuling,
stolport,
 padang,
bilun,
jalai,
pandak ,
spaoh,
beungkus,
rm   ,
juta,
berisiko,
ulih,
dikinsil,
enti,
megai,
perintah,
nengeri,
tu ,
sapit,
kepala,
menteri ,
datuk,
amar,
douglas,
embas,
ba,
penerang,
iya,
kemari,
madahka,
chalun,
parti,
bisi,
ati,
deka,
bediri,
minta,
pilih,
kerusi,
bukit,
saban,
udah,
bejaku,
sentang,
pekara,
nya,
dalam,
licha,
sekeda,
panjai,
ditu ,
 tu,
entara,
chunto,
baka,
ni,
ngereja,
pengawa,
ti,
dikedeka,
sida ,
beguna,
kena,
sida,
nyadika,
agenda,
numbangka,
pengari,
dichiri ,
 sida,
kebendar ,
ngemuntanka,
juluk,
guna,
mansang,
mua  ,
ku,
lebuh,
bejadika,
program,
jangkauan,
komuniti,
 agricop ,
opis,
betanam,
betupi,
 rh ,
engkerbai ,
anyut,
ditu,
kemari ,
agricop ,
diatu,
dipejalai,
selampur,
dikena,
ngerapitka,
kaul,
raban,
orang,
menua,
pesisir,
betupi ,
madah ,
ngembuan,
tanggungpengawa,
nyadi,
fasiliti,
perengka,
pengangkut,
nganjung,
produk,
utai,
tanam,
ngagai,
pasar,
timpuh,
pandak,
nyamin,
agi,
baru ,
dikemendar,
menteri,
patinggi,
abang,
johari,
tun,
openg,
perais,
pemadu,
manah,
ungkup,
kitai,
iya ,
tambah,
diguna,
betong,
sebagi,
ari,
agropolitan,
sadok,
palan,
bakul,
pemakai,
betong mukah ,
skala,
besai,
moden,
mantu,
ngenegapka,
objektif,
pengeluar,
pengeksport,
manggai,
taun,
     ,
 ba,
awak,
sama ,
meri,
peluang,
mensia,
mayuh,
ngangkatka,
tikas,
pengidup,
sida  ,
nambah ,
dipejalaika,
kandang,
tagit,
dekaka,
kuasa,
endur,
nya ,
empas,
semina,
dipeda,
bepilih,
nyau,
majak,
semak,
aja ,
datai,
ngiga,
nyadung,
jaku,
bula,
lalu,
lenyau,
pengudah,
petenah,
mujur  ,
uggah ,
gabungan,
 gps ,
seruran,
bejalaika,
belama,
laban,
besedia,
servis,
disemaya,
kami,
tu,
ukai,
retorik,
mega,
ngelalau,
alai,
ngatur,
macham,
baruh,
duit,
turu,
fasilitasi,
juta ,
 kami,
numbuhka,
moden ,
teknologi,
baru,
sektor,
sebuah,
penguntung ,
taman,
agro,
ngumpul ,
proses,
mungkus,
cppc,
ditagit  ,
nerang ,
ngemendarka,
geran,
sepenyampau,
rm       ,
ngaga,
padang,
futsal,
nyengkaum,
ngungkupka,
rm      ,
komiti,
pengelikun,
genturung,
pendiau,
 jkkk ,
aktiviti,
bekaul,
komuniti ,
sebedau,
pemesai,
bagi,
betong ,
petrus,
kang,
pesereta,
ngambi,
nanam,
sawit ,
lada,
chelum,
agricop,
diatur,
sama,
direktor,
nengeri ,
ripid ,
sekretari,
politik,
dr,
richard,
rapu,
residen,
friday,
belik ,
kategory,
google ,
suka,
copyright,
km,
ngarapka,
supp ,
psb,
bebaik,
polisi,
suah,
dikemeranka,
kenyau,
sa ati,
rakyat,
 supp ,
betapi,
penanggul,
beserekang,
penemu ,
pemaik,
bansa,
china ,
madah,
 prn ,
supp,
krisis,
ketuai,
ngujungka,
pambar,
dua,
raban ,
 bekaul,
yb,
dato,
sri,
wong,
soon,
koh,
 ensanus  ,
aku,
 ketuai,
barisan,
 bn ,
pemutus,
patut,
diputarka,
belaya,
tauka,
charut,
parti ,
bn,
masuk,
champur,
komponen ,
 dato,
ditingkilka,
tang,
ditanka,
tetinggi,
mungkur,
semua,
penyerakup,
china,
perintah  ,
nengah,
berita,
kemari nimbal,
ensanus ,
taja,
pia,
johari ,
nyentuk,
maya,
niang,
pehin,
adenan,
satem,
dikemendarka,
ngena,
lambang,
bn ,
nyerakupka,
ngambika,
perintah ,
rejista,
bersatu,
 upp ,
ditumbuhka,
bn plus,
dikearapka,
bekerejasama,
 kebendar,
ngasuh,
upp ,
nukar,
nama,
upp,
 psb  ,
 lebuh,
nampung,
tuju,
kededua,
bebaik  ,
sekalika,
sengaja,
enda ,
kaban,
komponen,
pan,
nemu,
tau,
kereja,
siti,
tim,
gps ,
 gps,
 nuan,
negu,
siku ,
nuan,
semua ,
dikereja,
belaban,
pengeran,
sarawak ,
 bepelasarka,
psb ,
amat,
ngayanka,
nadai,
bemain,
empu,
ngelaban,
gps,
puas,
ati ,
 aku,
korporat,
nyaup,
asil ,
ngelui,
nyerah,
pemutus  ,
presiden,
mejah,
apin,
lama,
nyebut,
pengerami,
bejadi,
konvensyen,
pesaka,
bumiputera,
 pbb  di,
miri,
hari,
enam,
nyin,
tadi ,
nujuka,
betuaika,
kunsil,
bawang,
assan,
chairman,
kala,
reti,
francisca,
luhong,
james,
ngemegahka,
bulih,
gelar,
miss,
universe,
malaysia,
siku,
indu,
dara,
penatai,
asal,
mujur,
ngalahka,
finalis,
bukai ,
ulu,
beumur,
dipilih,
pemenang,
diakim,
pelakun direktor penerbit,
hans,
isaac ,
deborah,
henry,
penengkebang,
fesyen,
carven,
ong ,
kelimpah,
penuduk,
lumur,
dipenggi,
charissa,
chong ,
ditangkanka,
tiga,
empat,
serena,
chai,
neha,
verma ,
pekit,
pengujung,
dipanchar,
terus,
 online ,
september,
laman,
web,
meli,
tikit ,
nisih,
beberapa,
renggat ,
mandangka,
gaun,
malam ,
pekayan,
nyemerai,
sesi,
nyaut,
timbal,
pematak,
randau ,
francisca ,
gawa,
bidang,
dagang,
kuala,
lumpur ,
intebiu,
begulai,
enggau ,
the,
post,
september ,
apai,
bungan,
sungai,
asap ,
indai,
pauline,
japok,
kanowit ,
nyema,
menang ,
betemu,
 idola ,
selebriti,
 dermawan ,
oprah,
winfrey,
bini,
ex presiden,
amerika,
syarikat ,
michelle,
obama ,
buah,
runding,
bakani,
asai,
inspirasyen ,
meda,
kali,
televisyen ,
nyabak,
televisyen,
pengelebih,
krismas ,
nembiak,
tuchum,
pengaga,
sebilik ,
sekula,
pelajar,
patut ,
pengasai,
endang,
pemar,
dipandangka,
aku ,
dipadahka ,
nyelai,
penyelai,
nya  ,
jas,
chakah,
nagang,
nunu,
chara,
tebuka,
pemereti,
surat,
pekebun ,
miri ,
sekumbang,
musim,
kemarau,
berengkah,
ogos,
tadi,
diatu ,
rampa,
 jas ,
pampang,
penyedar,
hamzah,
mohamad,
matau,
ninting,
angus,
kelebih,
tanah,
kerapa ,
 batang,
meresa,
nagang ,
ngansak,
tebuka ,
 pemesai,
nyuaka,
pemadah,
kimpin,
bekebun ,
belepa,
rekreasyen  ,
media ,
kilah,
ensana ,
nitih,
dilawa,
pekereja,
industri,
eastwood ,
peladang,
semangka,
baram ,
sawit,
batu,
  ,
pekebun,
baram,
tudan,
tisi,
paya,
kampung,
masjid ,
 program,
sebun,
asap,
nentuka,
angat,
rangkai ,
 taja,
logistik,
kurang,
pekereja ,
kerejasama,
ejensi,
 nyengkaum,
pengereja,
 nred  ,
pelilih,
bomba,
penyelamat,
 jbpm  ,
parit,
entali,
ai,
 jps  ,
mineral,
geosains,
 jmg  ,
volunteer,
 rela ,
nyeliah,
kualiti,
angin,
dijaga,
asap  ,
km ,
umno,
ditagang,
ngerembai,
bejaku ,
asrama,
dbna ,
gambar,
chimon,
upon,
bepalan,
semenanjung,
lebih,
pasal,
nerima,
penemu,
kelalu,
balat ,
 di,
idup,
likun ,
ekstrim ,
nyaga,
diri,
empu ,
beserakup ,
empu  ,
seraya,
arap,
bendar,
maju,
mansutka,
dbna,
 gerempung,
dayak,
bidayuh ,
dewan,
nambahka,
model,
pemisi,
mai,
nuju,
chukup,
tinggi ,
ngarap,
beserakup,
belakang,
nyukung,
ngamat,
nyungkak,
modal,
ngangkat,
kita,
 sarawak,
pengeransing,
penegap,
 enda,
pambar ,
awakka,
nyendiaka,
perengkaguna,
biak  ,
nitihku,
mekanisme,
sebaka,
cukai,
asil,
bejual,
 sst ,
dipinta,
petroleum,
oleh,
rengenyan,
labang,
bidayuh,
ngetanka,
lapan,
dun,
diuan,
jaku ,
manyin,
pengelalu,
dilalau,
sitak,
 dun ,
tebal,
prn,
datai ,
mandal,
kanan,
 pbb  ,
michael,
jawong,
balas,
 kitai,
 bidayuh ,
opar,
semuja ,
opar ,
tasik,
biru ,
serembu ,
mambong ,
tarat ,
tebedu ,
kedup,
semuja,
 enti,
malas,
 ada,
padi,
ada,
beras ,
budi,
balas   ,
pelajar ,
sains,
pansik,
gerempung,
disuaka,
ik,
pahon,
joyik,
bala,
kebukai ,
berebak,
pengundi ,
milih,
beratka,
sapa,
chalun ,
 anang,
peda,
lambang ,
suba,
bidayuh  ,
melaba,
ke   ,
berindik,
abis,
bulan,
jun,
kemeranka,
ulah,
bebatak,
asur,
pupu,
tegap,
pemeri ,
abdul,
wahab,
mua ,
kiba ,
chek,
new,
generation,
church,
kabo ,
krian,
ebedau,
udah ,
saratok ,
kalaka,
aziz,
ngemeranka,
tegap ,
gaya,
nempa,
likun,
bebasaka,
bukai,
bemacham,
sukut ,
 endang,
diasai,
belama ,
ekstrem,
pengarap ,
dikeirau,
mambarka,
ditempa,
kelia,
tu  ,
bedau,
adat,
tradisyen,
tentu,
kitai ,
 rayat,
betuah,
pengarap,
kristian ,
islam ,
buddha,
pangan,
diri ,
faktor,
nyata,
begelumu,
bemunsuh,
mih,
nitihka,
garis,
lalau,
betul,
patut  ,
nerang,
aram,
kaunsil,
saratok,
kunsilor,
duri,
khairul,
wahab ,
ttug,
keterubah,
digaga,
sibu ,
fatimah,
kaul ,
 kanan ,
seranta,
beguntin,
buk,
bebayar,
maksak,
lemai,
pengintu,
pendiau lumba,
main,
 maksak ,
sibu,
sanyan,
ngenduh,
sementara,
 ttug ,
pendiau ,
indu ,
ruang,
bilik,
tumu,
mit ,
abdullah,
setuju,
ngangkatmanah,
maksak ,
 ttug,
muat,
urung,
iku,
sesiti,
maya ,
kapasiti,
bepelasarka,
penyampau,
ditemu,
 konsep,
meresi,
makai,
tinduk,
malam,
hari ,
muak,
siang,
siti ,
pansut,
aum,
media,
ngaduka,
naka,
pengelengkas,
beoperasyen,
semak ,
dulu,
ngelimpangka,
ngabas,
bantu,
peranak,
ngulihka,
pengerai,
fizikal ,
mental,
peresa,
salah,
barang,
bekaul ,
operasyen,
dikuasa,
 ngo ,
dichiri,
pengatur,
sosial,
 jppsb ,
fatimah ,
serakup,
pengasih,
shan,
xin,
ditukuka,
jppsb,
 anchor ,
 perintah,
ungkus,
sibu  ,
nyemetak ,
ngo,
ngulu,
 uca ,
sabit,
merah,
 pbsm ,
lions,
club,
junior,
chamber,
international,
 jci ,
krt,
brooke,
drive,
empawah ,
chinese,
annual,
conference ,
methodist,
in,
lurus,
komitmen,
ila ,
merambu,
bintulu,
 ungkup,
kuching,
strategik,
tetiap,
ngasaika,
sosial  ,
sepital,
kanowit,
mesti,
diangkatmanah,
lengkas,
berintai,
panjai ,
berubat,
 kkm ,
berundingka,
pematut,
dedat,
sakit ,
keadilan,
 pkr ,
satu,
anchom,
inisiatif,
dikejampatka,
engkeman,
dibanding,
mutarka,
sakit,
bededat ,
tubuh,
nambah,
begunaka,
mantupka,
entigis,
besemak,
nejuka,
sekut,
diperatika  ,
sebengkah,
satu ,
penedat,
penambah,
ngenyit,
staf,
dia,
bekereja,
langgur,
nangkir,
ngemesaika,
nganti,
sempit ,
lutur,
kaunter,
farmasi ,
peneleba,
empu bala,
gintir,
pengelama,
jam  ,
iya endang,
nyendia,
perubat,
lantang,
kondusif,
mayuh ,
belanja,
diberi,
ngemansangka,
engkami ,
tiong,
 empat,
pdp,
udin,
nasat ,
sengan,
progresif,
demokratik,
 pdp ,
king,
sing,
dudong,
tiong ,
mata,
 tunai ,
diagih,
akaun,
sesebuah,
anang,
guna ,
tetemuka,
kakang,
 blacklist ,
 ukai,
arak ,
tulung,
mih ,
zon,
tengah,
 gps  ,
bisi ,
teo,
boon,
siew ,
temuai,
duta,
khas,
republik,
mekuh,
dudong ,
enggaika,
ditinda,
kunteriktor,
beripai,
 kebuah,
pia ,
diadu,
 nya,
alai ,
ngelalauka,
ngenataika,
peminta,
ngagihka,
enggai,
duit ,
diau,
likun  ,
jkkk ,
ngasak,
muka,
bela,
 kena,
sehari,
 kemari ,
 tang ,
bererenggat ,
renggat,
bukai  ,
teo ,
dicky,
jawa,
bebendar,
pkp,
rayat ,
gira,
kanan ,
penyapu,
kelai,
pengelekai,
covid   ,
penyakit,
rabies,
selangau ,
empai,
lama ,
tekeruga,
atur,
pemindah,
 pkp  ,
pandemik,
covid    ,
tamin ,
ir,
christopher,
sambang ,
melanja,
rm    ,
bilion,
ditinggalka ,
nguji,
napi,
 semua,
pun,
ketegal,
mac,
lama  ,
munyi,
 srdc  ,
diagihka,
pkp ,
terima,
kasih,
selangau,
menua ,
mekalka,
andalka,
status,
gadung,
tegapka,
talukka,
mawan,
ngibarka,
menira,
jalur,
gemilang,
merdeka,
p    ,
julau,
rh,
tayan sg ,
lepong ,
sarikei,
enam ,
besejarah,
dikeingat,
dikeandalka,
 adun ,
pakan,
tan,
william,
ikom,
ketiga,
beterima,
kasih ,
tekeruga ,
 nyema,
identiti,
penyerakup ,
ngemeratka,
diri  ,
 ku,
mawan ,
malaysia ,
dibai,
 nadai,
diperintah,
tinggal,
kebuah,
ngatika,
hak,
kuing,
mansang  ,
senentang,
nerenakka,
pesisir ,
 sehari,
 kilah,
berasai,
temegah,
diayanka,
patriotism,
panjai  ,
besaup,
pengelikun ,
karim,
 unity,
walk ,
beserimbai,
 hari,
kebangsaan,
simanggang ,
aman,
penerangan,
temuai ,
seni,
rahman,
sukung,
saup,
dikedekaka,
mudah,
dijapai ,
ambika,
chunto ,
rat ,
mar,
ngemajuka,
fokus,
belaya  ,
suarah,
simanggang,
digulu,
taib,
mahmud,
toh,
puan,
ragad,
kurdi,
taib ,
openg ,
nembiak ,
lumba,
tanggung,
genap,
ikas,
pemansang ,
ingat,
diasaika,
begaring,
penyakah,
suba ,
 mayuh,
borneo ,
jematan,
infrastruktur,
dipejalaika ,
alun,
meruan,
datai  ,
kes,
denggi,
diripotka,
niki,
jaga,
pemeresi ,
poster,
dagang ,
disempulangka,
 ari,
dua ,
sempurai,
teng,
peratus,
 srdc ,
ngelai ,
ripot,
dirikodka,
januari,
julai,
tujuh,
nangi,
 berindik,
pemeresi,
nyamuk,
aedes,
betelu ,
 bala,
kedai,
ukum,
berat,
belalauka,
undang undang,
betelu,
dipenyadika,
tamin,
bong,
ling,
sze ,
ngarika,
mendam,
berumah,
datu,
antonio,
kahti,
galis ,
inting,
nyami,
pemancha,
mathew,
ganggang ,
bekuasa,
srdc,
prosedur,
standard,
 sop ,
mutuska,
rentayan,
rat,
dijaga ,
rabies ,
ngerampit,
ukui,
ditupi,
betuchuk,
vaksin,
jelu,
tupi,
dirampit,
penguna,
sop,
terit ,
pkpp,
disambung,
disember,
nasional ,
dikerandau,
pengarang,
bcck,
siong,
wei,
pentin,
mulaika,
pemanah,
 pkpp ,
madahka ,
ngelanjarka,
 senentang,
ambi,
ditanya,
bansa ,
mit,
 jwks ,
 bcck ,
ditimpuhka,
tembu,
muhyiddin,
yassin,
perutusan,
ensanus,
nyambung,
mekanisma,
neruska,
berampit ,
protokol,
dititihka ,
perambu,
sarawakku,
sayang,
 bkss ,
   ,
dipejalai ,
bkss,
disember ,
 bkss,
 sebedau,
mayar,
tiap,
disember  ,
    ,
 kir ,
b  ,
insentif,
dibayar,
april,
jun ,
sekali,
       ,
bujang,
disempulang,
pengajar,
dianggap,
injinir,
rama,
ngerami ,
mat,
ali,
 lima,
kiba  ,
ahli,
melah,
kek,
ngemunka,
dipadahka,
pengelandik,
manah ,
masagus,
tema,
 berguru,
demi,
ilmu ,
bina,
generasi,
baru  ,
 tema,
ngadaka,
rebak,
seriris,
prinsip,
disempamaka,
dian,
penampak,
penguji,
diajar,
ari ,
ditapi,
mar  ,
pemujur,
bidang ,
 dalam,
akademik ,
ppd,
sijil,
tinggi,
pelajaran,
 stpm ,
nyapai,
atas ,
 pemujur,
nyulut,
 spm ,
ngerikodka,
lis,
 pia,
mega ,
kokurikulum ,
mantaika,
penyulut,
pamadu,
nyingkang,
ngelangkar,
penyulut  ,
ngintu,
kebangsaan ,
rambai,
 malaysia,
prihatin ,
 reti,
leka,
 prihatin ,
igi,
sukut,
chikba ,
hee,
sieng ,
canselor,
 akademik ,
universiti,
kolej,
 ucts ,
profesor,
madya,
azlan,
ali ,
polis,
dsp,
ariffin,
bahar ,
temenggong,
vincent,
lau,
lee,
ming ,
stanley,
gramong ,
manred,
ngelakuka,
 duduk,
lima,
jakaria,
lubuk,
segantang ,
limbang ,
moden tanah,
 manred ,
ngerembaika,
bumai,
berikan,
muda,
ismail,
mandahka,
agih,
besai ,
bedagangka,
 cppc  ,
eggau,
taun ,
 opis,
bedagang ,
bedagang  ,
agriculture,
community,
outreach,
programme,
limbang,
lubok,
sigantang ,
 pemansang ,
rambli ,
penghulu,
dulaphi,
bakar,
sigantang,
latip,
majit ,
kota,
limau,
diproses,
jus ,
rega,
agi ,
aja,
nyiur ,
rian,
nanas,
dikemeratka,
 tiga,
nanas ,
cppc ,
kubong,
mungkus ,
stesyen,
ngeproses,
nangka,
madu ,
nyiur  ,
siri,
bererenggat,
danau ,
unifor,
kita ,
melayu,
radzali,
alision,
dikemataka,
dipebasa,
unit,
 unifor ,
sedia,
bengkah,
negapka,
nerangka,
unifor ,
konsep,
dibantaika,
yang,
di pertuan,
agong ,
nirika,
begunan,
joharimega,
gempung,
 forum  ,
kediri,
ulu ,
kedayan,
jati,
miriek,
dayak ,
sarakup,
 sids ,
graduet,
 sdga ,
awang,
hasan ,
dif dif,
dipebasaka,
dipelaba,
ngenanka,
dominan ,
diasapit,
 duduk ,
speaker,
dun ,
gerawat,
gala,
kanan  ,
dominasi,
 baka,
temu,
 deka,
prn  ,
isu,
adun,
krian ,
biju,
pengeraja,
asal ,
dimenang,
tikit,
pkr,
pdp ,
penguang,
manggil,
parlimen,
nyemilik,
pribumi,
 bersatu  patut,
 situasyen,
menang menang ,
 pru  ,
ngelengkaka,
 anti,
bepilih nengeri ,
berdiri,
enda  ,
dikelala,
spdp ,
ke    gps,
mengkang,
 pbb  parti,
 prs   ,
kerusi ,
iti ,
penggal,
mei ,
direrak,
joshua,
ting,
nyeruri,
jelatung,
kayu,
dawi,
ringgil,
 mua ,
pasai,
diseruri ,
repuk,
ringgil ,
diseruri,
ting ,
mujur ,
 jelatung,
sebarang,
penusah,
nuntung,
jai,
ditengah,
nurun,
nginti,
 pengudah,
betaun,
dikena ,
repuk ,
semanjai,
dikeibuhka ,
sebuat,
ngemanahka,
gaga,
dikeibuhka,
diputarka ,
penembu,
tama,
ngira ,
dini,
penyambung,
bepolitik  ,
didinga,
mereti,
silik,
pagila,
biak,
diperansang,
ngaul,
ngelawa ,
musang,
saberkas,
chang,
su,
kuam,
farm ,
serian ,
pertubuhan,
belia,
 saberkas ,
meransang,
kemaya,
junaidi,
komersial ,
tani,
penyereta,
kurang ,
 nyadi,
disediaka ,
matak,
betupi  ,
serian,
dikemansang,
 diatu,
saberkas  ,
penemuai,
belajar,
sistem,
internet,
benda,
 iot ,
fertigasyen ,
sarawak  ,
ngepunka,
ngelawa,
farm,
king ,
sibau ,
temedak,
lensat ,
narit,
nupi,
ikan,
empurau,
dikumbai,
raja,
mar ,
nangkanka,
lotus,
agritech,
sdn,
bhd,
simon,
sindang,
bada,
dilanjar,
pengerai ,
madeline,
diketu,
dilanjarka,
ekonomi ,
penganalisis,
berma,
positif,
neritka,
 pkp ,
ngelandaika,
graf,
 pkp,
iti,
landai ,
kedua,
penurun,
menua  ,
felo,
akademi,
pedis,
 pansik,
pengitung,
 gerai,
selama ,
 ekonomi,
pemansut,
kasar,
 kdnk  ,
dipelabaka,
penurun  ,
pesuruhjaya,
suruhanjaya,
asasi,
manusia,
 suhakam ,
peratus ,
 menua,
nanggung,
 tagang,
penuh ,
diketuka ,
dianggarka,
rugi,
rm  ,
pkp  ,
minggu ,
bernama,
seri,
dr ,
adham,
baba ,
 mkn  ,
pkpp ,
pelaba,
sedunya ,
 who ,
ngelancharka,
ngemeran,
 norma ,
ogos ,
kkm,
mkn,
berunding,
situasyen,
tepulai,
kiruh,
negap,
pintu,
penama,
manah  ,
berita ,
 perkeso,
prihatin,
negara,
selamat  ,
raya,
felda,
besar,
diteritka,
diterit,
nyilih,
penetap,
 pkpb ,
pengelunggar,
besesehari,
ngasika,
nyauka,
sosial ,
berenggat,
sop ,
komersial,
premis,
dikemendarka ,
muzium ,
indoor,
busking ,
masu,
gari,
dobi ,
rekreasyen,
pegung,
filem ,
ngabas ,
john,
sikie,
 sesi,
libat,
urus ,
kelebu rumah,
ado,
bekal,
elekterik,
 res ,
punan ,
tatau ,
 undang undang,
bumiputera ,
kakus,
tayai,
jam,
mengeri ,
tatau,
ado ,
achun ,
nanga,
kelebu,
 projek,
kluster,
samarakan ,
sangan,
pandong ,
enjan ,
wilshatkon,
blue ,
gundi,
panjang,
bungkur,
elekterik  ,
pengelanchar,
ditetapka ,
skim,
alternatif,
 sares ,
takan ,
anap ,
sares  ,
res,
bawan ,
mukah ,
pegai,
pemun,
 sawas ,
jeffery,
kitup ,
kiah,
jayan,
juta  ,
begaga,
tali,
karan,
kunterik,
energy,
 seb ,
angus ,
winnie,
dian ,
gerosen,
jubin ,
utiliti,
heriwan,
afindi ,
seb,
ferrera,
paris ,
sanok,
magai,
lubun,
kinchang ,
halaman,
tidak,
dijumpai,
diminta,
             angela ngansak zuraida ngamatka semaya deka ngaga     balai bomba di menua pesisi ,
dapat,
dijumpai ,
ma  ,
ditegika,
manifesto,
bejadi ,
seminar,
muhammad,
rais,
sanusi,
sempekat,
 ma   ,
 psb ,
akta,
 pda   ,
 ncr  ,
nyerahka,
pengelicha,
bepelajar,
ma   ,
pda  ,
ncr,
happy,
dinner ,
crown,
square,
george,
lo ,
johnical,
rayong ,
lintang,
see,
chee,
how,
 ma    ,
patriot,
 spa ,
aktivis,
nicholas,
bawin ,
minyak,
gis,
diambi,
dituku,
 psb,
ditetapka,
pda   ,
nanya,
tanya,
disaut,
ditangkan,
saman,
kort ,
saut,
dikenataika,
nyaman,
nyadi ,
kort,
nyemetak,
kanun,
mansik,
ngenukuka,
pulau,
galau ,
penuh,
besangkut,
paut,
gempung ,
platform,
ubah,
uras,
darat,
ngamahka,
sungai ,
pantai,
tong,
usman,
jkkk,
pujut,
tanjung,
kebendar,
pengamah,
bepun,
industri ,
pengangkut ,
kim,
shin ,
senadin,
dibuai,
parit ,
kamah ,
kamah,
marina ,
pantai ,
muai,
nadai ,
ujan ,
lee ,
kapal,
bot ,
batu ,
uras ,
liku,
jereki ,
penerang ,
peranak ,
nyura,
dipajakka,
dirintai,
sepuluh,
mengeri,
ngelantangka,
utara,
 mbm ,
 beri,
singkang,
diambi  ,
undang undang ,
terit,
ditinggang,
pesalah,
ngemataka,
masjid,
kg,
digumpul,
ngumpul,
pagi,
dipunka,
senamrobik,
pukul,
pagi ,
 lsss  ,
mbm,
ditampung,
lsss,
murni,
suhaili,
suleiman ,
layar,
gerija,
robert,
lawson,
chuat,
peintah,
 unifor  ,
sidang,
injil,
 sib ,
adonai,
gerald,
rentap,
jabu,
sib,
jugah,
 terima,
inklusif,
kami ,
 nengah,
muzik,
semua  ,
ngenang,
stephen,
kalong,
ningkan,
nenagh,
 kelimpah,
gerija  ,
saribas,
mohammad,
razi,
sitam,
rapu ,
rela,
nyereta,
pengentap,
chat,
beripai ,
chat ,
nanaga,
bilat,
tasah,
dituntung,
bedaulama,
naga,
sylverstine,
banchang ,
ngelekatka,
atap,
dinding,
beteduh,
meresika,
bekau,
teda,
angus  ,
dianjung,
uniform,
genta,
sabut,
bilat ,
julau ,
ppjkr,
syafiq,
fadzil,
majoriti,
iban ,
 meluan,
area,
development,
committee ,
 madc ,
belayong,
jampong ,
dewan ,
sk,
benedine ,
pakan ,
pechaya,
primari,
seminar ,
licha ,
akademik,
peransang,
 ke,
 dewan,
dikearap,
pengagit,
benedine,
patric,
unyat ,
transformasyen,
 rtp ,
setipak,
ngajar,
jemah,
pechaya ,
semampai,
meruan ,
 pelajar,
berubah,
besekula,
aris,
pandai,
serea,
inda,
anak,
nemua,
senyata,
jeman,
 nelson,
mandela,
 education,
is,
most,
powerful,
weapon,
which,
you,
can,
use,
to,
change,
world  ,
pibg  ,
yakub,
penerima,
dipesan,
pulai,
balingian,
arbi,
dijapai,
rebak ,
bepengawa,
lebu,
meri ,
jali,
digaga ,
yayasan,
majlis,
amanah,
 mara ,
perbadanan,
tabung,
pendidikan,
 ptptn  ,
bepesan,
