usah,
terpengaruh,
agenda,
untuk,
menjatuhkan,
kerajaan,
utusan,
borneo,
langkau,
ke,
kandungan,
utama,
isnin ,
mei,
    pm,
sarawak,
sabah,
nasional,
dunia,
iban,
sukan,
ekonomi,
mahkamah,
rencana,
horizon,
hiburan,
kolum,
tvub,
anda,
di,
sinihalaman,
          t              ,
tahniah ,
uggah,
 kiri ,
menyampaikan,
sijil,
penyertaan,
kepada,
kumpulan,
yang,
menghadiri,
agricop,
disaksikan,
petrus,
spaoh ,
semalam ,
kuching ,
projek,
bebuling,
stolport,
 lapangan,
terbang,
landasan,
pendek ,
spaoh,
bernilai,
rm   ,
juta,
berisiko,
dibatalkan,
sekiranya,
pembangkang,
mengambil,
alih,
tampuk,
kepimpinan,
nege ri ,
timbalan,
ketua,
menteri,
datuk,
amar,
douglas,
embas,
dalam,
satu,
kenyataan,
sini,
semalam,
menyatakan ,
calon,
berhasrat,
bertanding,
kerusi,
bukit,
saban,
telah,
bercakap,
mengenai,
perkara,
tersebut,
ceramah,
beberapa,
rumah,
panjang,
situ ,
 ini,
adalah,
contoh,
bagaimana,
pihak,
mengerjakan,
dimahukan,
mereka ,
 projek,
pembangunan,
penting,
akan,
mereka,
gunakan,
sebagai,
dan,
wakil,
rakyat,
dipilih ,
 mereka,
sebenarnya,
membunuh,
impian,
keperluan,
mahu,
maju,
hadapan  ,
katanya,
ketika,
merasmikan,
majlis,
program,
jangkauan,
komuniti,
 agri cop ,
jabatan,
pertanian,
benard,
engkerbai ,
anyut,
sini ,
kini,
dijalankan,
seluruh,
negeri,
menjalin,
hubungan,
rapat,
dengan,
perkumpulan,
luar,
bandar,
pertanian ,
berkata ,
berperanan,
menjadi,
kemudahan,
pengangkutan,
bagi,
menghantar,
produk,
pasar,
masa,
singkat,
menjamin,
kesegarannya ,
berkenaan,
diluluskan,
patinggi,
abang,
johari,
tun,
openg,
merupakan,
hadiah,
paling,
istimewa,
buat,
kita,
ujarnya ,
amat,
diperlukan,
betong,
sebahagian,
daripada,
agropolitan,
sadok,
kawasan,
bakul,
makanan,
betong mukah ,
berskala,
besar,
moden,
membantu,
mengukuhkan,
objektif,
pengeluar,
serta,
pengeksport,
menjelang,
     ,
 pada,
sama ,
memberi,
peluang,
orang,
ramai,
menaik,
taraf,
kehidupan,
mereka  ,
tambahnya ,
berkata,
lagi ,
antara,
pedalaman,
dijadikan,
sasaran,
oleh,
mahukan,
kuasa,
tersebut ,
kesan,
kesejahteraan,
kemajuan,
hanya,
dapat,
dilihat,
pilihan,
raya,
sudah,
hampir,
tiba ,
datang,
mencari,
menyebarkan,
pembohongan,
kemudian,
hilang,
selepas,
fitnah,
tidak,
berjaya  ,
kata,
uggah ,
gabungan,
parti,
 gps ,
sentiasa,
berada,
lapangan,
setiap,
kerana,
bersedia,
berkhidmat,
sebagaimana,
diikrarkan,
bukan,
retorik,
semata mata ,
beliau,
turut,
mengingatkan,
bahawa,
mengatur,
pelbagai,
bawah,
dana,
fasilitasi,
berjumlah,
juta ,
 kita,
memperke nalkan,
moden ,
teknologi,
baharu,
menjadikan,
pekerjaan,
faedah ,
menubuhkan,
lebih,
banyak,
taman,
agro,
pusat,
pengumpulan ,
memproses,
mempakej kan,
cppc,
mengukuh kan,
sasaran  ,
jelasnya ,
meluluskan,
geran,
rm       ,
pembinaan,
padang,
futsal,
terbabit,
termasuk,
rm      ,
jkkk,
mengelolakan,
aktiviti,
kemasyarakatan ,
sebelum,
itu ,
pegawai,
bahagian,
kang,
peserta,
menyertai,
perusahaan,
kelapa,
sawit ,
lada,
hitam,
diadakan,
terdekat,
ini ,
hadir,
ialah,
pengarah,
ronald,
ripid ,
setiausaha,
politik,
dr,
richard,
rapu,
residen,
friday,
belik ,
kategory,
google ,
suka,
kami,
copyright,
saya,
teruskan,
usaha,
perdamaian,
supp ,
psb,
kebaikan,
cina,
 gambar ,
berharap,
bersatu,
 supp ,
 psb ,
demi,
khasnya,
ini,
tetapi,
kedua dua,
sependapat,
dengannya ,
mengulas,
presiden,
psb ,
dato,
sri,
wong,
soon,
koh,
terhadap,
pada,
dasarnya,
sejak,
berlaku,
perpecahan,
menurutnya ,
supp,
berpecah,
 prn ,
pucuk,
barisan,
 bn ,
memutuskan,
masalah,
harus,
diselesaikan,
berbalah,
dasar,
campur,
tangan,
dalaman,
ahli ahlinya ,
 dato,
dipecat,
dikekalkan,
keterangkuman,
perpaduan,
kalangan,
penglibatan,
kaum,
itu,
kerajaan  ,
hari,
juga,
pengerusi,
bagaimanapun ,
berlarutan,
sehingga,
allahyarham,
pehin,
adenan,
satem,
 tok,
nan ,
menteri ,
menambah ,
dibenarkan,
menggunakan,
simbol,
bn,
umum,
lalu ,
menunjukkan,
jelas,
hasrat,
menyatukan,
cina ,
 pendaftaran,
 oleh,
pendaftar,
pertubuhan ,
apabila,
 upp  ,
dibentuk,
dikenali,
 bn plus ,
dua,
boleh,
bekerjasama,
cina  ,
mendedahkan,
tok,
nan,
mengarahkan,
pelancaran,
upp,
seterusnya,
penjenamaan,
semula,
       ,
 apabila,
diteruskan,
mengekalkan,
semua,
bertujuan,
berdamai ,
 malangnya ,
secara,
sengaja,
atau,
sebaliknya ,
 mengikat ,
ahli ahli,
komponen,
gps ,
walaupun,
mengetahui,
tindakan,
menjejaskan,
kerja,
berpasukan,
 gps,
mempunyai,
 you,
touch,
one ,
you,
all ,
bertentangan,
sarawak  ,
berdasarkan,
aktiviti aktiviti,
terkini,
membuktikan,
berminat,
menentang,
gps,
terus,
ahli,
parti parti,
lain,
berpuas,
hati,
ahlinya ,
 saya,
meminta,
ketua ketua,
masyarakat,
pemimpin pemimpin,
korporat,
berjaya,
selebihnya,
terserah,
menilai  ,
katanya ,
isnin,
menerusi,
akhbar,
membidas,
konvensyen,
pesaka,
bumiputera,
 pbb ,
sabtu,
langsung,
menyelar,
bermasalah,
baru ,
memainkan,
peranan,
penubuhan,
dewan,
undangan,
 adun ,
bawang,
assan,
meletak,
jawatan,
dari,
kabinet,
mendesak,
agar,
rombakan,
dilakukan,
menyingkirkan,
negeri ,
francisca,
luhong,
dinobat,
miss,
universe,
malaysia,
anak,
kelahiran,
james,
membuat,
bangga,
meraih,
gelaran,
tahun,
setelah,
menewaskan,
finalis,
lain ,
gadis,
ulu,
berusia,
dinobatkan,
pemenang,
dihakimi,
pelakon pengarah penerbit,
hans,
isaac ,
deborah,
henry,
pereka,
fesyen,
carven,
ong ,
sementara,
tempat,
kedua,
jatuh,
charissa,
chong ,
diikuti,
ketiga,
keempat,
masing masing,
dimenangi,
serena,
chai,
neha,
verma ,
acara,
kemuncak,
disiarkan,
talian,
september,
laman,
sesawang,
rasmi,
pertandingan,
membeli,
tiket,
tontonan ,
menyaksikan,
para,
melalui,
peringkat,
penilaian ,
pertunjukan,
gaun,
malam ,
pakaian,
renang,
sesi,
soal,
jawab,
mc ,
francisca ,
bekerja,
bidang,
perhubungan,
awam,
pemasaran,
kuala,
lumpur ,
tampil,
wawancara,
bersama,
the,
post,
september ,
ayah,
beliau ,
bungan,
keturunan,
berasal,
sungai,
asap ,
ibunya,
pauline,
japok,
kanowit ,
jika,
menang ,
ingin,
bertemu,
idolanya,
selebriti,
dermawan,
oprah,
winfrey,
bekas,
wanita,
pertama,
amerika,
syarikat ,
michelle,
obama ,
tahu,
apa,
ada,
fikiran,
rasanya,
inspirasi ,
menonton,
rancangan,
winfrey ,
bahkan,
menangis,
krismas ,
kanak kanak,
tersenyum,
gembira ,
melihat,
membesar,
keluarga,
tersenyum ,
pergi,
sekolah,
mendapatkan,
pendidikan,
sepatutnya ,
perasaan,
memuaskan,
sukar,
gambarkan ,
ia,
dikatakan ,
menakjubkan,
keajaiban,
seperti,
itu  ,
jas,
giat,
adakan,
kesedaran,
larangan,
pembakaran,
terbuka,
miri,
sebar ,
mengadakan,
risalah,
pekebun ,
miri ,
sepanjang,
musim,
kering,
bermula,
ogos,
lalu,
kini ,
alam,
sekitar,
 jas ,
cawangan,
hamzah,
mohamad,
sedang,
kekerapan,
menjalankan,
tugas,
meronda,
sering,
terbakar,
khususnya,
tanah,
gambut ,
 matlamat,
rondaan,
pencegahan,
memberikan,
menyeru,
terbuka ,
 pegawai,
menyerahkan,
kempen,
berkebun ,
beriadah,
berkelah  ,
media,
menurutnya,
golongan,
dilawati,
pegawainya,
pekerja,
industri,
eastwood ,
peladang,
tembikai,
baram ,
sawit,
batu,
  ,
pekebun,
baram,
tudan,
tepi,
paya,
jalan,
kampung,
masjid ,
 program,
berterusan,
supaya,
bebas,
mengakibatkan,
jerebu,
memastikan,
panas,
kering ,
 walaupun,
menghadapi,
kekangan,
logistik,
sumber,
tenaga,
terhad ,
kerjasama,
agensi,
kerajaan ,
 termasuklah,
lembaga,
asli,
 nreb  ,
pejabat,
daerah,
bomba,
penyelamat,
 jbpm  ,
pengairan,
saliran,
 jps  ,
mineral,
geosains,
 jmg  ,
sukarelawan,
 rela ,
terlibat,
kebakaran,
kualiti,
udara,
terpelihara,
jerebu  ,
sekat,
umno,
semasa,
berucap,
penyerahan,
asrama,
persatuan,
kebangsaan,
dayak,
bidayuh,
 dbna  ,
gambar,
chimon,
upon ,
menghalang,
melebarkan,
sayapnya,
berpangkalan,
semenanjung,
memahami,
sebaik,
pemimpin,
sendiri ,
 di,
platform,
benarkan,
masuk,
terbaik,
sarawak ,
 sebab,
jaga,
kita ,
bersatu ,
lindungi,
diri,
 sarawak   ,
demikian,
 dbna ,
serbaguna,
kompleks,
dbna,
perkembangan,
yakin,
mampu,
mencapai,
status,
termaju,
 dari,
segi,
ekonomi ,
percaya,
muncul,
tambahan,
pendapatan,
cukai,
jualan,
atas,
petroleum,
petronas ,
model,
meningkatkan,
lagi,
dedahkan,
dulu  ,
bertuah,
pemimpinnya,
sebuah,
pasukan ,
 jika,
bergerak,
hadapan ,
malaysia ,
 meskipun,
melayu,
majoriti,
namun,
sebab,
agnes,
tugong,
pertahan,
lapan,
manyin,
kuching,
 dun ,
dipertahankan,
datang ,
naib,
michael,
jawong,
prn,
dijangka,
berlangsung,
lama,
tiada,
perlu,
diselindungkan,
justeru,
tiba,
kelak ,
terutama,
pengundi,
menunaikan,
tanggungjawab,
mengundi,
berjaga,
menjaga,
pertahankan,
opar,
hingga,
semuja ,
bermakna,
benar benar,
berterima,
kasih,
kepad,
 ada,
padi,
beras ,
budi,
balas ,
jangan,
lihat,
muka,
lihatlah,
lambang,
gps  ,
pendidikan ,
sains,
penyelidikan,
penasihat,
dun,
dipertahankan ,
bidayuh ,
menekankan,
kecil,
kecil ,
berpecah ,
meskipun,
jumlahnya,
cukup,
kuat,
bersaing,
opar ,
tasik,
biru ,
serembu ,
tarat ,
kedup ,
mambong ,
tebedu,
tujuh,
disandang,
manakala,
dimiliki,
 psb,
penyandangnya,
ranum,
mina,
menang,
biru,
harry,
jinep,
demokratik,
progresif,
 pdp  ,
serembu,
 miro,
simuh pbb  ,
tarat,
 datuk,
roland,
sagah pbb  ,
kedup,
 martin,
ben pbb  ,
mambong,
jerip,
susil pbb  ,
manyin pbb ,
semuja,
 john,
ilus pbb  ,
amalkan,
sikap,
toleransi,
sumbangan ,
abdul,
wahab,
 barisan,
tiga,
kiri ,
cek,
new,
generation,
church,
kabo ,
krian,
kelmarin ,
saratok ,
kalaka,
aziz,
mengamalkan,
semangat,
berbilang,
kekal,
utuh ,
suasana,
seumpama,
pembentukan,
harmoni,
menghormati,
aspek ,
 adalah,
anggota,
ke amanan,
dikecapi,
sekarang,
berkekalan ,
terlalu,
ekstrem,
agama ,
bersikap,
sedemikian,
dibimbangi,
memecahkan,
dibina,
sekian,
negara,
ini  ,
sejumlah,
dekat,
kepercayaan,
tradisi,
kaum kaum,
tentu,
 rakyat,
hidup,
maj muk,
terdiri,
agama,
kristian ,
islam ,
buddha,
saling,
hormat,
sama,
bersyukur,
faktor,
keagamaan,
terbukti,
masya rakat,
berkumpul,
memusuhi,
 biarlah,
beragama,
mengikut,
panduan,
betul,
lari,
garis,
sepatutnya  ,
jelasnya,
sambil,
sama samalah,
meng amalkan,
masing ma sing,
beragama ,
saratok,
kaunselor,
duri,
khairul,
wahab ,
kepu,
sidi,
maksak,
sibu,
transit,
gelandangan,
mesra ,
fatimah,
 kanan ,
beramah,
mesra,
salah,
seorang,
menerima,
perkhidmatan,
gunting,
rambut,
percuma,
sibu ,
kebajikan,
anggota anggota,
 maksak ,
sanyan,
 ttug ,
kebajikan ,
komuniti ,
wanita ,
abdullah,
bersetuju,
memperuntukkan,
mengubah,
suai,
 ttug,
bakal,
ditubuhkan,
menempatkan,
satu satu,
masa ,
kapasiti,
jumlah,
purata,
dikenal,
pasti,
tempoh,
 konsep,
ttug,
persinggahan,
membersihkan,
diri ,
makan,
tidur,
malam,
hari ,
siangnya ,
keluar,
urusan,
masing masing  ,
sidang,
kerja kerja,
pengubahsuaian,
secepat,
mungkin,
beroperasi,
waktu,
terdahulu ,
melawat,
sumbangan,
berfungsi,
menyediakan,
menumpang,
 selain,
khidmat,
saringan,
kesihatan,
fizikal ,
mental,
ujian,
pengesanan,
penyalahgunaan,
bahan,
terlarang,
bantuan,
rujukan,
berkaitan  ,
operasi,
diurus,
pertubuhan,
 ngo ,
dilantik,
kementerian,
jawatankuasa,
penyelarasan,
pemantauan,
sosial,
 jppsb ,
amal,
shan,
xin,
jppsb,
 anchor ,
mengurus,
 kerajaan,
menampung,
kos,
ttug  ,
ngo ngo,
 uca ,
bulan,
sabit,
merah,
 pbsm ,
lions,
club,
junior,
chamber,
international,
 jci ,
krt,
brooke,
drive,
empawah ,
chinese,
annual,
conference ,
methodist,
in,
ngo,
individu individu,
bermurah,
menyatakan,
komitmen,
menyumbang,
kementeriannya,
merancang,
bintulu,
dipengerusikan,
masing masing ,
 bagi,
proses,
strategik,
menyokong,
usaha usaha,
menikmati,
sosial  ,
hospital,
kanowit,
dinaik,
semakin,
sesak,
berbaris,
panjang ,
keadaan,
terpaksa,
rawatan ,
 kkm ,
diharap,
mempertimbangkan,
sesak ,
keadilan,
 pkr ,
anchom,
ber kata ,
inisiatif,
wajar,
disegerakan,
berikutan,
sedia,
bersesuaian,
semasa ,
menangani,
kesesakan,
pesakit ,
populasi,
penduduk,
meningkat,
kebelakangan,
memerlukan,
berhampiran ,
biarkan,
sebaliknya,
keselesaan,
diambil,
kira  ,
menurut,
satu ,
peningkatan,
ketara,
bilangan,
pesakit,
rawatan,
berkenaan ,
ujar,
menyebabkan,
ketidaksele saan,
tekanan,
kakitangan,
bertugas,
sehubungan,
mencadangkan,
memperbesarkan,
ruang,
menunggu,
sempit ,
menambah,
doktor,
kaunter,
farmasi ,
 berdasarkan,
pengalaman,
empat,
jam,
gili ran  ,
persekitaran,
selesa,
kondusif,
ramai ,
guna,
peruntukan,
naik,
sebaiknya,
agih,
rakyat ,
tiong,
 berdiri ,
tengah  ,
teo,
lima,
merakam,
kenangan,
tuai,
pdp,
udin ,
sengan,
rumah rumah,
dudong,
diingatkan,
disalurkan,
sebaiknya ,
 pdp ,
seri,
king,
sing,
diberikan,
tunai,
akaun,
keselamatan,
 jkkk ,
hendaklah,
digunakan,
manfaat,
diselewengkan,
tujuan,
mendapati,
menyalahgunakan,
maka,
teragak agak,
menyenaraihitamkan,
seterusnya ,
 jangan,
beli,
arak ,
tolong ,
selain,
tersebut  ,
udin,
nasat ,
anjuran,
zon,
tengah,
 gps  ,
kanan,
merangkap,
boon,
siew ,
tetamu,
jemputan,
duta,
khas,
perdana,
republik,
menegaskan,
memfokuskan,
dudong ,
pihaknya,
ditender,
kontraktor,
dilaksanakan,
sendiri,
gotong royong,
cara,
melibatkan,
berkurangan,
kosnya,
tinggi ,
baik,
berjumpa,
mengalu alukan,
tuai tuai,
mengemukakan,
permohonan,
berkaitan,
tegas,
parlimen,
menyalurkan,
wang,
wang ,
kediaman,
sempurna  ,
terdahulu,
ucapannya ,
mana,
masih,
belum,
memiliki,
jkkk ,
justeru ,
membuka,
segera,
 semalam ,
sebanyak,
keseluruhannya,
 namun ,
fasa fasa,
tertentu,
fasa,
seterusnya  ,
watt,
zacchaeus,
komited,
bantu,
terjejas,
pkp,
gotong royong ,
gira,
 empat,
kanan ,
memegang,
penyapu,
perasmian,
wabak,
covid   ,
rabies,
mega,
selangau ,
perintah,
kawalan,
pergerakan,
 pkp ,
susulan,
penularan,
covid    ,
tamin,
christopher,
sambang,
membelanjakan,
kira kira,
rm    ,
bilion,
kelompok,
ketinggalan ,
memberitahu ,
ditonjolkan,
persekutuan,
pun,
berusaha,
pandemik,
 semua,
akibat,
pelaksanaan,
mac,
lalu  ,
selangau,
dianjurkan,
 mdlbs  ,
seramai,
diagihkan,
pkp ,
merakamkan,
penghargaan,
terima,
membekalkan,
 penghargaan,
petugas,
hadapan,
 frontliner ,
selangau  ,
hijau,
pekan,
mukah ,
kukuhkan,
mawan,
patriotik ,
mengibarkan,
jalur,
gemilang,
merdeka,
p    ,
julau,
tayan sungai,
lepong ,
sarikei,
detik,
peristiwa,
bersejarah,
diingati,
kebanggaan,
semua ,
pakan,
tan,
william,
ikom,
ketiga tiga,
maknanya,
menghargainya,
kemungkinan,
tergugat ,
 sekiranya,
mempertahankan,
identiti,
tersendiri,
perpaduan ,
mengutamakan,
sesama,
janganlah,
lain  ,
indentiti,
tersendiri ,
dibawa,
negara ,
 tidak,
diperintah,
ketinggalan,
mempu nyai,
kebebasan ,
hak,
hala,
tuju,
maju  ,
mawan ,
menyemai,
erti,
kemerdekaan,
pedalaman ,
 hari,
berasa,
keterujaan,
ditunjukkan,
diharapkan,
patriotisme,
keamanan ,
karim,
keharmonian,
terserlah,
unity,
walk,
sempena,
sambutan,
aman,
ihsan,
penerangan,
membina,
pelancongan ,
kesenian,
kebudayaan,
rahman,
hamzah ,
tanpa,
sokongan,
dihajati,
mudah,
dicapai ,
jayanya,
 inilah,
sebabnya,
menganjurkan,
 unity,
walk ,
mengeratkan,
silaturahim,
 tanpa,
wujudnya,
erat ,
ianya,
sama sama,
memajukan,
fokus,
berbalah  ,
suarah ,
dihadiri,
di pertua,
taib,
mahmud,
isteri,
toh,
puan,
ragad,
kurdi,
taib ,
openg ,
belia,
bertanggungjawab,
genap,
mengecapi,
tahap,
pembangunan ,
bagaimanapun,
lupa,
bergolek,
berkat,
perjuangan,
 banyak,
lebuhraya,
pan,
borneo ,
jambatan,
infrastruktur,
perindustrian,
lain lain,
bergerak ,
lonjakan,
sempurna,
datang  ,
kes,
denggi,
mendadak,
peratus ,
sempurai,
langkah,
pencegahan ,
pemilik,
kedai,
 dua,
teng,
drastik,
peratus,
 mdlbs ,
ngelai ,
mendedahkannya,
laporan,
mdlbs,
dicatatkan,
januari,
julai,
 kami,
agak,
bimbang,
 menurut,
laporan ,
perbandingan ,
 peningkatan,
kebersihan,
sekeliling,
tinggal,
pembiakan,
aedes ,
memeriksa,
premis,
undang undang,
dijumpai,
lalai,
membiarkan,
nyamuk,
aedes,
ucapan,
alu aluan,
tetap,
tempatan,
perumahan,
bong,
ling,
sze ,
ching,
yong ,
pemangku,
min,
ming ,
inting,
nyami,
pemanca,
mathew,
ganggang ,
mengulangi,
gesaannya,
sekitarnya,
 gotong royong,
bersih,
kebiasaan,
indah  ,
menggesa,
setempat,
mematuhi,
prosedur,
standard,
 sop ,
rantaian,
meninggal,
jun,
rabies ,
mendorong,
pasukan,
khusus,
mengekang,
penyebaran,
pentadbiran,
mdlbs ,
berkuasa,
sop,
penduduk ,
perniagaan,
bandar ,
melaksanakan,
tanggungjawabnya,
mencegah,
menjangkiti,
anjing,
mengurung,
peliharaan,
vaksin,
jangkitan,
laksana,
lanjutan,
pkpp,
dis,
jo,
ditemui,
pemberita,
bcck ,
song,
wei ,
menyambut,
melanjutkan,
pemulihan,
 pkpp ,
disember,
depan ,
diumumkan,
muhyiddin,
yassin,
nasional ,
 sarawak,
ikut,
perkara ,
 seperti,
tahu ,
zealand,
kembali,
 covid      ,
 hw   ,
 bcck ,
tanya,
perancangan,
memperkenalkan,
sarawakku,
sayang,
   ,
pkpp ,
bkss,
kira,
pakej,
iaitu,
    ,
rancang,
awal,
depan,
menjangkakan,
disember  ,
perutusan,
televisyen,
jumaat,
lepas ,
memandangkan,
berdepan,
pelanjutan,
penguatkuasaan,
akta,
pengawalan,
penyakit,
berjangkit,
diambil ,
cadangan,
menaikkan,
kadar,
kompaun,
kesalahan kesalahan,
sekurang kurangnya,
kali,
ganda,
sekarang ,
diperhalusi,
dipinda,
terlebih,
dahulu ,
guru,
dianggap,
jurutera,
pengurus,
bank,
sarif,
kadri,
asnaf,
ppd,
mat,
ali,
 tiga,
kanan  ,
peneraju,
membangunkan,
modal,
insan,
berpengetahuan ,
berkemahiran,
berkeperibadian,
mulia ,
masagus,
sesuailah,
tema,
 berguru,
ilmu ,
bina,
generasi,
baharu  ,
 tema,
penekanan,
memperkasa,
ilmu,
pengetahuan,
seiring,
falsafah,
kebangsaan ,
 kendatipun,
begitu ,
diibaratkan,
lilin,
membakar,
dirinya,
menerangi,
mendapani,
onak,
cabaran,
melayan,
kerenah,
anak anak,
muridnya ,
meniti,
kian,
sukar  ,
berbicara,
tentang,
mengucapkan,
tahniah,
warga,
pencapaian,
membanggakan,
bidang ,
 dalam,
akademik ,
sangat,
keputusan,
peperiksaan,
awam ,
tinggi,
persekolahan,
 stpm ,
atas ,
 kejayaan,
pelajaran,
 spm ,
lepas,
mencatat,
senarai,
berprestasi,
cemerlang,
 malah ,
kokurikulum ,
melakar,
kejayaan,
memberangsangkan,
anugerah,
sederap,
kecemerlangan,
kecemerlangan  ,
berbalik,
prihatin,
membawa,
maksud,
mendalam,
selari,
 gabungan,
perkataan,
menggambarkan,
memerangi,
samping,
begitu,
cakna,
melakukan,
merangkumi,
aspek,
kelangsungan,
chikba ,
hee,
sieng ,
canselor,
 akademik ,
universiti,
kolej,
 ucts ,
profesor,
madya,
azlan,
ali ,
polis,
dsp,
ariffin,
bahar ,
temenggung,
vincent,
lau,
lee,
ming,
stanley,
gramong ,
florence,
nervyn,
petani ,
penternak,
nelayan,
dibantu,
pasarkan,
tingkat,
pemasaran ,
 duduk,
jakaria,
lubok,
segantang ,
limbang ,
pemodenan,
adat,
wilayah,
memperluaskan,
peranannya,
muda,
ismail,
banyak ,
memperkembangkan,
fungsinya,
hasil,
pemprosesan,
pembungkusan,
 cppc  ,
 pendekatan,
bru,
tahun ,
 kementerian,
pendekatan,
baharu ,
pengeluaran,
diwujudkan,
pemasaran  ,
agriculture,
community,
outreach,
programme,
 agricop ,
limbang,
sigantang,
baru baru,
rambli ,
penghulu,
dulaphi,
bakar,
latip,
majit ,
kota,
buah,
limau,
misalnya,
diproses,
minuman,
jus,
harganya,
mahal ,
memberitahu,
memilih,
tanaman,
sahaja,
kelapa ,
durian,
nanas,
dipilih,
nanas ,
 kebetulan,
jenis,
kubong,
pembungkusan ,
stesen,
buah buahan,
nangka,
madu ,
kelapa  ,
ujarnya,
siri,
berperingkat,
lokasi,
enam,
danau ,
mastura,
radzali,
alision ,
disaksi,
kehormat,
unit,
hal,
ehwal,
agama agama,
 unifor ,
menitikberatkan,
tunjang,
persatuannya,
memperkukuhkan,
terbabit ,
menjelaskan,
pekara,
ringkas,
tadi ,
malah,
kagum,
unifor,
menterinya,
bercadang,
konsep,
dipersembahkan,
di pertuan,
agong ,
disampaikan,
bangunan,
 forum ,
bangunannya,
ulu ,
kedayan,
jati,
miriek,
mendapat,
perhatian,
pula ,
sarakup,
indu,
 sids ,
graduan,
 sdga ,
bantuan ,
awang,
hassan ,
dif dif,
kekalkan,
dominasi,
tandingi,
kelihatan,
 duduk ,
speaker,
dun ,
gerawat,
gala,
dominasinya,
dipertandingkan,
maklum,
dominan ,
 dipertandingkan,
prn  ,
berkenaan  ,
ditanya,
isu,
dibangkitkan,
permintaan,
adun,
krian ,
biju,
asli ,
dimenanginya,
pkr,
pdp ,
datu,
penguang,
manggil,
pribumi,
 bersatu  ,
situasi,
menang menang,
menyuarakan,
menyokongnya,
 pru  ,
melepaskan,
diminta,
pendiriannya,
pula,
enggan,
lanjut,
berkata  tunggulah,
 negeri ,
dia,
sebaliknya  ,
tradisinya,
sebelumnya,
spdp ,
ke    ,
mengagihkan,
ditandingi,
 pbb  ,
 prs ,
kerusi ,
penggal,
berakhir,
ke   ,
mei ,
dibubarkan,
april,
clare,
cinderella,
joshua,
ting,
baiki,
jeti,
usang,
dawi,
ringgil,
membantu ,
 depan ,
kayu,
dawi ,
pasai,
siap,
dibaiki ,
ringgil ,
dibaiki,
pemuda,
ting ,
memohon,
berhasil ,
menghulurkan,
sumba ngan,
binaan,
membaiki,
 jeti,
 demi,
sebarang,
kecelakaan,
kemalangan,
menimpa,
rosak,
rapuh,
kata nya,
satu satunya,
memancing,
 setelah,
bertahun tahun,
digunakan ,
buruk,
berulang,
membaikinya,
berhasil  ,
pangkalan,
mengunjungi,
situ,
berkemungkinan,
runtuh,
diperbaiki ,
rombongan,
diabai kan,
selama,
akhirnya,
dipenuhi  ,
siapnya,
selamat ,
pihak nya,
komprehensif,
fasiliti,
lengkap ,
pertolongan,
komunikasi,
mewakili,
berhubung,
menyelesaikan,
inilah,
niat,
asal,
berpolitik  ,
kepadanya,
didengari,
singkat ,
pemeriksaan,
lawatan,
memperoleh,
pemahaman,
esok,
sibu  ,
saberkas,
ajak,
ceburi,
musang,
kunjungan,
chang,
su,
kuam,
farm,
serian,
serian ,
 saberkas ,
mengajak,
menceburi,
menjana,
lumayan,
junaidi,
menumpukan,
menggalakkan,
komersial ,
usahawan,
tani,
berkurangan ,
 jadi,
adanya,
disediakan ,
sekali,
gus,
menarik,
minat,
pertanian  ,
jawankuasa,
sektor,
diusahakan,
teratur ,
 sekarang,
pengusaha,
menempa,
lahirkan,
saberkas  ,
tujuannya,
mempelajari,
teknik,
sistem,
internet,
benda,
 iot ,
fertigasi ,
 ia,
kaedah,
sarawak  katanya ,
memulakan,
mengusahakan,
king ,
rambutan ,
cempedak,
langsat ,
ikan,
empurau,
raja,
segala,
lotus,
agritech,
sdn,
bhd,
berbentuk,
simon,
sindang,
bada,
tertinggi,
marlinda,
mardzuki,
beri,
positif,
mengucup,
penganalisis,
permulihan,
dilanjutkan,
madeline,
berma,
tentunya,
melandaikan,
keluk,
 pkp,
dilandaikan ,
kemuncupan,
negara  ,
felo,
akademi,
b  ,
kesukaran,
disebabkan,
dilaksanakan ,
 kajian,
perangkaan,
isi,
 kembali,
pulih  ,
 ekonomi,
keluaran,
kasar,
 kdnk ,
menguncup  ,
kewangan,
menyuntik,
memulih,
memacu,
pesuruhjaya,
suruhanjaya,
asasi,
manusia,
 suhakam ,
pengangguran,
melebihi,
 negara,
menanggung,
sehari,
dilaksana,
 sekatan,
sepenuh ,
diberhentikan ,
dianggarkan,
mengalami,
kerugian,
rm  ,
pkp  ,
ahad,
bernama,
melaporkan,
dr ,
adham,
baba,
saranan,
 mkn  ,
jangkaan,
sedunia,
 who ,
mengatakan,
covid,
kurang,
lama ,
membendung,
melancarkan,
pembudayaan,
normal,
 untuk,
ogos ,
kkm,
mkn,
dipertimbangkan,
laksanakan,
terkawal ,
jadi,
terpulang,
umumkannya,
terdekat ,
bergelut,
mengawal,
pintu,
sempadan,
baik  ,
dikuatkuasakan,
dijadual,
menggantikan,
bersyarat,
 pkpb ,
mula,
kelonggaran,
menjalani,
seharian,
berterusan ,
sosial ,
keagamaan ,
perniagaan ,
sebagainya,
pematuhan,
sepenuhnya,
sop ,
komersial,
urus,
niaga,
dibenarkan ,
muzium ,
indoor,
busking ,
dobi,
layan,
perikanan,
rekreasi,
kolam,
pancing,
penggambaran,
filem ,
patricia,
gari,
bukti,
kesungguhan,
turun,
padang ,
john,
sikie,
libat,
kelebu rumah,
ado,
bekalan,
elektrik,
 res ,
punan ,
kubong ,
tatau,
tatau ,
projek projek,
memperlihatkan,
meme nuhi,
 undang undang,
bumiputera ,
kakus,
tayai,
penyediaan,
berkos,
ado ,
achun ,
nanga,
kelebu ,
 projek projek,
kluster,
samarakan ,
sangan,
menuju,
pandong ,
enjan ,
wilshatkon,
blue ,
gundi,
elektrik  ,
kelancarannya,
disiapkan,
jangka,
ditetapkan ,
penyambungan,
skim,
pembekalan,
alternatif,
 sares ,
tau,
takan ,
anap ,
sares  ,
pemasangan,
res,
tau ,
bawan ,
pa tinggi,
berat,
asas,
di luluskan,
air,
 sawas ,
jeffery,
kitup ,
kiah,
jayan,
juta  ,
kelebu,
menasihati,
memasang,
sen diri,
pendawaian,
energy,
 seb ,
mengelak,
litar,
pintas,
kebakaran ,
tadbir,
winnie,
dian ,
gerosen,
jubin ,
utiliti,
heriwan,
afindi ,
seb,
ferrera,
paris ,
sanok,
magai,
lubun,
kinchang ,
halaman,
             angela desak zuraida tunaikan janji bina     balai bomb ,
dijumpai ,
ma   ,
ncr,
manifesto,
 tengah ,
penceramah,
seminar,
muhammad,
rais,
sanusi,
perjanjian,
 ma   ,
dihadapi,
diperjuangkan,
 pda   ,
 ncr  ,
kajian,
serahkan,
bertauliah,
hadapi,
pda  ,
crown,
square ,
pending,
agung,
george,
lo ,
johnichal,
rayong,
lintang,
see,
chee,
how,
 ma    ,
patriot,
peguam,
nicholas,
bawin,
 tanah,
ncr  ,
berunding,
hak hak,
minyak,
gas,
wong ,
kepentingan,
terhakis,
seharusnya,
fakta,
data,
berdiri,
teguh,
apa apa,
termaktub,
ma  ,
pda   ,
pernah,
menyoal,
persoalan,
dijawab,
menfailkan,
saman,
terhadapnya,
mahkamah ,
jawapan,
bangkitkan,
saya ,
jumpa,
selesaikannya  ,
serius,
kanun,
menyemak,
mengiktiraf,
pemakai,
menoa,
pulau,
galau ,
penuh,
terikat,
mana mana,
gabungan ,
perubahan,
sampah,
darat,
cemarkan,
sungai ,
pantai,
simbolik,
perasmian ,
tong,
usman,
pujut,
tanjung,
punca,
pencemaran,
sungai sungai,
industri ,
kim,
shin ,
senadin,
sampah sarap,
dibuang,
parit,
hanyut,
pantai ,
marina ,
dikendalikan,
 bagaimana,
sampai,
adakah,
membuang,
tidak ,
industri industri,
kalau,
buang,
parit ,
hujan ,
bawa,
punca  ,
pembuangan,
kapal,
bot ,
menjadikannya,
sampah ,
harian,
liku,
rezeki ,
pengangkutan ,
pendedahan ,
mewarna,
faham,
penjagaan,
selamat  ,
tersenarai,
sepuluh,
tercemar,
imej,
peranginan,
pelancongan,
utara,
bandaraya,
 mbm ,
peniaga,
menguruskan,
diperlukan ,
 berilah,
mencukupi,
membolehkan,
baik ,
diambil  ,
dikenakan,
pesalah,
masjid,
kampung ,
     kg,
dikutip,
mengutip,
sebelah,
pagi ,
dimulakan,
senamrobik,
 lsss  ,
mbm,
kanak kanak ,
berdekatan,
lsss,
murni,
suhaili,
suleiman ,
steve,
annuar,
keprihatinan,
huang,
 lima,
wakilgereja,
metho dist,
nyelong ,
sarikei ,
institusi,
 unifor  ,
repok,
sii,
tesebut,
 sokongan,
unifor ,
transformasi,
 rtp ,
pusat pusat,
sesebuah,
 dun  ,
prinsip,
keterbukaan,
aga ma,
bijak,
toleran  ,
huang ,
tinjauan,
gereja,
repok ,
rombongannya,
berkunjung,
met hodist,
nyelong,
st,
alban ,
rtp,
 gereja,
alban,
 daripada,
rtp ,
 peruntukan,
nanti,
berjanji,
sentasa,
penganjuran,
progam,
impak,
positif ,
harmoni  ,
rela,
penempatan,
rh,
chat,
murni ,
chat ,
bilat,
julau ,
mangsa,
diketuai,
sylverstine,
banchang ,
atap,
dinding,
berteduh,
membersih,
sisa sisa,
berbahaya  ,
kenyataan ,
seragam,
musnah,
genta,
sabut,
bilat ,
ppjkr,
syafiq,
fadzil,
teruja,
iban ,
taklimat,
 meluan,
area,
development,
committee ,
 madc ,
belayong,
jampong ,
prasana,
mustahak,
mengembangkan,
akademik,
bakat,
murid,
sk,
benedine ,
pakan ,
berfaedah,
membabitkan,
murid murid,
kegunaan,
seminar ,
ceramah ,
motivasi,
sekolah sekolah,
 secara,
berguna,
jalinan,
erat,
 dewan,
pendidik,
matlamat,
khamis ,
benedine,
patric,
unyat ,
sejajar,
mendidik,
dewasa,
yakin ,
prasarana,
pelajar,
sempurna ,
 peranan,
berubah,
fungsi,
tradisi ,
belajar,
dididik,
pewaris,
berilmu,
berakhlak,
mulia  ,
ibu,
bapa,
mementingkan,
menyedari,
senjata,
ampuh,
menempuh,
zaman,
era,
kemajuan ,
 nelson,
mandela,
 education,
is,
most,
powerful,
weapon,
which,
can,
use,
to,
change,
world  ,
pibg  ,
suatu,
digalak,
sumbang,
balik,
terimalah ,
yakub,
penerima ,
nanti ,
balingian,
arbi,
generasi ,
 nanti,
bekerjaya,
berjaya ,
setempat  ,
penyampaian,
 one off  ,
sedikit,
perbelanjaan,
terdapat,
pinjaman,
dipohon ,
antaranya,
yayasan,
amanah,
 mara ,
perbadanan,
tabung,
 ptptn  ,
sempat,
berpesan,
melunaskan,
bayaran,
setinggi tinggi,
sampaikan,
