usah,
terpengaruh,
untuk,
menjatuhkan,
kerajaan,
borneo,
ke,
utama,
mei,
sarawak,
nasional,
iban,
ekonomi,
rencana,
hiburan,
tvub,
di,
          t              ,
tahniah ,
 kiri ,
menyampaikan,
penyertaan,
kepada,
kumpulan,
menghadiri,
disaksikan,
spaoh ,
semalam ,
projek,
stolport,
 lapangan,
terbang,
landasan,
pendek ,
bernilai,
juta,
dibatalkan,
sekiranya,
pembangkang,
mengambil,
alih,
tampuk,
kepimpinan,
nege ri ,
timbalan,
ketua,
datuk,
douglas,
kenyataan,
sini,
semalam,
menyatakan ,
calon,
berhasrat,
bertanding,
bukit,
telah,
bercakap,
mengenai,
perkara,
tersebut,
ceramah,
rumah,
situ ,
 ini,
adalah,
contoh,
bagaimana,
pihak,
mengerjakan,
dimahukan,
mereka ,
pembangunan,
penting,
akan,
mereka,
gunakan,
sebagai,
dan,
wakil,
dipilih ,
 mereka,
sebenarnya,
membunuh,
impian,
keperluan,
mahu,
hadapan  ,
katanya,
ketika,
merasmikan,
program,
komuniti,
 agri cop ,
jabatan,
pertanian,
anyut,
sini ,
kini,
dijalankan,
seluruh,
negeri,
menjalin,
hubungan,
rapat,
dengan,
perkumpulan,
luar,
bandar,
pertanian ,
berkata ,
berperanan,
menjadi,
kemudahan,
pengangkutan,
menghantar,
masa,
singkat,
menjamin,
kesegarannya ,
berkenaan,
diluluskan,
abang,
tun,
merupakan,
hadiah,
paling,
istimewa,
buat,
ujarnya ,
diperlukan,
sebahagian,
daripada,
sadok,
kawasan,
makanan,
berskala,
moden,
membantu,
mengukuhkan,
pengeluar,
serta,
menjelang,
 pada,
memberi,
orang,
ramai,
menaik,
taraf,
kehidupan,
mereka  ,
tambahnya ,
berkata,
lagi ,
antara,
pedalaman,
dijadikan,
sasaran,
mahukan,
tersebut ,
kesan,
kesejahteraan,
kemajuan,
hanya,
dilihat,
pilihan,
sudah,
hampir,
tiba ,
datang,
mencari,
menyebarkan,
pembohongan,
kemudian,
hilang,
selepas,
fitnah,
berjaya  ,
kata,
gabungan,
sentiasa,
berada,
lapangan,
setiap,
kerana,
bersedia,
berkhidmat,
sebagaimana,
diikrarkan,
bukan,
semata mata ,
beliau,
turut,
mengingatkan,
bahawa,
mengatur,
pelbagai,
bawah,
dana,
berjumlah,
 kita,
memperke nalkan,
teknologi,
baharu,
menjadikan,
pekerjaan,
faedah ,
menubuhkan,
banyak,
agro,
pusat,
pengumpulan ,
memproses,
mempakej kan,
mengukuh kan,
sasaran  ,
jelasnya ,
meluluskan,
pembinaan,
futsal,
terbabit,
termasuk,
mengelolakan,
kemasyarakatan ,
sebelum,
itu ,
pegawai,
bahagian,
peserta,
menyertai,
perusahaan,
kelapa,
lada,
hitam,
diadakan,
terdekat,
ini ,
hadir,
ialah,
pengarah,
setiausaha,
dr,
rapu,
friday,
kategory,
suka,
saya,
teruskan,
usaha,
perdamaian,
psb,
kebaikan,
cina,
 gambar ,
berharap,
 supp ,
demi,
khasnya,
ini,
tetapi,
kedua dua,
sependapat,
dengannya ,
mengulas,
psb ,
sri,
soon,
terhadap,
pada,
dasarnya,
sejak,
berlaku,
perpecahan,
menurutnya ,
berpecah,
pucuk,
 bn ,
memutuskan,
masalah,
harus,
diselesaikan,
berbalah,
dasar,
campur,
tangan,
dalaman,
ahli ahlinya ,
dipecat,
dikekalkan,
keterangkuman,
perpaduan,
kalangan,
penglibatan,
kaum,
itu,
kerajaan  ,
juga,
pengerusi,
bagaimanapun ,
berlarutan,
sehingga,
allahyarham,
adenan,
 tok,
nan ,
menambah ,
dibenarkan,
menggunakan,
simbol,
umum,
lalu ,
menunjukkan,
jelas,
hasrat,
menyatukan,
cina ,
 pendaftaran,
 oleh,
pendaftar,
pertubuhan ,
apabila,
 upp  ,
dibentuk,
dikenali,
 bn plus ,
boleh,
bekerjasama,
cina  ,
mendedahkan,
tok,
nan,
mengarahkan,
pelancaran,
seterusnya,
penjenamaan,
semula,
 apabila,
diteruskan,
mengekalkan,
bertujuan,
berdamai ,
 malangnya ,
secara,
atau,
sebaliknya ,
 mengikat ,
ahli ahli,
walaupun,
mengetahui,
tindakan,
menjejaskan,
kerja,
berpasukan,
mempunyai,
 you,
touch,
one ,
all ,
bertentangan,
berdasarkan,
aktiviti aktiviti,
terkini,
membuktikan,
berminat,
menentang,
parti parti,
lain,
berpuas,
hati,
ahlinya ,
 saya,
meminta,
ketua ketua,
masyarakat,
pemimpin pemimpin,
berjaya,
selebihnya,
terserah,
menilai  ,
katanya ,
isnin,
menerusi,
akhbar,
membidas,
pesaka,
 pbb ,
sabtu,
langsung,
menyelar,
bermasalah,
memainkan,
peranan,
penubuhan,
undangan,
bawang,
meletak,
jawatan,
dari,
kabinet,
mendesak,
agar,
rombakan,
dilakukan,
menyingkirkan,
negeri ,
luhong,
dinobat,
universe,
kelahiran,
membuat,
bangga,
meraih,
gelaran,
tahun,
setelah,
menewaskan,
lain ,
gadis,
berusia,
dinobatkan,
dihakimi,
pelakon pengarah penerbit,
isaac ,
henry,
pereka,
carven,
tempat,
jatuh,
chong ,
diikuti,
keempat,
masing masing,
dimenangi,
chai,
verma ,
acara,
kemuncak,
disiarkan,
talian,
laman,
sesawang,
rasmi,
pertandingan,
membeli,
tiket,
tontonan ,
menyaksikan,
para,
melalui,
peringkat,
penilaian ,
pertunjukan,
malam ,
pakaian,
renang,
soal,
jawab,
mc ,
bekerja,
perhubungan,
awam,
pemasaran,
lumpur ,
tampil,
wawancara,
bersama,
post,
ayah,
beliau ,
keturunan,
berasal,
asap ,
ibunya,
japok,
jika,
ingin,
bertemu,
idolanya,
dermawan,
winfrey,
bekas,
wanita,
pertama,
syarikat ,
obama ,
tahu,
apa,
fikiran,
rasanya,
inspirasi ,
menonton,
rancangan,
winfrey ,
bahkan,
menangis,
kanak kanak,
tersenyum,
gembira ,
melihat,
membesar,
keluarga,
tersenyum ,
pergi,
sekolah,
mendapatkan,
sepatutnya ,
perasaan,
memuaskan,
sukar,
gambarkan ,
ia,
dikatakan ,
menakjubkan,
keajaiban,
seperti,
itu  ,
giat,
adakan,
kesedaran,
larangan,
pembakaran,
terbuka,
sebar ,
mengadakan,
risalah,
miri ,
sepanjang,
kering,
bermula,
lalu,
kini ,
alam,
sekitar,
cawangan,
mohamad,
sedang,
kekerapan,
menjalankan,
tugas,
meronda,
sering,
terbakar,
khususnya,
gambut ,
 matlamat,
rondaan,
pencegahan,
memberikan,
menyeru,
terbuka ,
 pegawai,
menyerahkan,
kempen,
berkebun ,
beriadah,
berkelah  ,
menurutnya,
golongan,
dilawati,
pegawainya,
pekerja,
eastwood ,
tembikai,
sawit,
  ,
baram,
tepi,
jalan,
masjid ,
berterusan,
supaya,
bebas,
mengakibatkan,
jerebu,
memastikan,
panas,
kering ,
 walaupun,
menghadapi,
kekangan,
sumber,
tenaga,
terhad ,
kerjasama,
agensi,
kerajaan ,
 termasuklah,
lembaga,
asli,
 nreb  ,
pejabat,
daerah,
penyelamat,
pengairan,
saliran,
mineral,
 jmg  ,
sukarelawan,
terlibat,
kebakaran,
udara,
terpelihara,
jerebu  ,
sekat,
semasa,
berucap,
penyerahan,
persatuan,
dayak,
 dbna  ,
chimon,
upon ,
menghalang,
melebarkan,
sayapnya,
berpangkalan,
memahami,
sebaik,
pemimpin,
sendiri ,
benarkan,
terbaik,
 sebab,
bersatu ,
lindungi,
 sarawak   ,
demikian,
 dbna ,
serbaguna,
kompleks,
perkembangan,
yakin,
mampu,
mencapai,
termaju,
 dari,
segi,
percaya,
muncul,
tambahan,
pendapatan,
jualan,
atas,
petronas ,
meningkatkan,
lagi,
dedahkan,
dulu  ,
bertuah,
pemimpinnya,
pasukan ,
 jika,
bergerak,
hadapan ,
 meskipun,
namun,
sebab,
agnes,
tugong,
pertahan,
 dun ,
dipertahankan,
datang ,
naib,
jawong,
dijangka,
berlangsung,
tiada,
perlu,
diselindungkan,
justeru,
tiba,
kelak ,
terutama,
pengundi,
menunaikan,
tanggungjawab,
mengundi,
berjaga,
menjaga,
pertahankan,
hingga,
bermakna,
benar benar,
berterima,
kepad,
padi,
budi,
balas ,
jangan,
lihat,
lihatlah,
gps  ,
pendidikan ,
penyelidikan,
penasihat,
dipertahankan ,
menekankan,
kecil,
kecil ,
berpecah ,
meskipun,
jumlahnya,
cukup,
kuat,
bersaing,
tasik,
serembu ,
kedup ,
tebedu,
disandang,
manakala,
dimiliki,
penyandangnya,
ranum,
mina,
menang,
biru,
harry,
jinep,
progresif,
 pdp  ,
serembu,
 miro,
simuh pbb  ,
tarat,
 datuk,
roland,
sagah pbb  ,
 martin,
ben pbb  ,
mambong,
jerip,
susil pbb  ,
manyin pbb ,
 john,
ilus pbb  ,
amalkan,
sikap,
toleransi,
sumbangan ,
wahab,
 barisan,
kiri ,
cek,
generation,
kabo ,
kelmarin ,
kalaka,
mengamalkan,
semangat,
berbilang,
kekal,
utuh ,
suasana,
seumpama,
pembentukan,
harmoni,
menghormati,
aspek ,
 adalah,
anggota,
ke amanan,
dikecapi,
sekarang,
berkekalan ,
terlalu,
agama ,
bersikap,
sedemikian,
dibimbangi,
memecahkan,
dibina,
sekian,
ini  ,
sejumlah,
dekat,
kepercayaan,
tradisi,
kaum kaum,
 rakyat,
hidup,
maj muk,
terdiri,
agama,
islam ,
saling,
hormat,
bersyukur,
keagamaan,
terbukti,
masya rakat,
berkumpul,
memusuhi,
 biarlah,
beragama,
mengikut,
panduan,
lari,
sepatutnya  ,
jelasnya,
sambil,
sama samalah,
meng amalkan,
masing ma sing,
beragama ,
kaunselor,
khairul,
kepu,
sidi,
transit,
gelandangan,
mesra ,
beramah,
mesra,
seorang,
menerima,
perkhidmatan,
gunting,
rambut,
percuma,
kebajikan,
anggota anggota,
sanyan,
kebajikan ,
wanita ,
bersetuju,
memperuntukkan,
mengubah,
suai,
bakal,
ditubuhkan,
menempatkan,
satu satu,
masa ,
jumlah,
purata,
dikenal,
pasti,
tempoh,
ttug,
persinggahan,
membersihkan,
makan,
tidur,
hari ,
siangnya ,
keluar,
urusan,
masing masing  ,
kerja kerja,
pengubahsuaian,
secepat,
mungkin,
beroperasi,
waktu,
terdahulu ,
melawat,
sumbangan,
berfungsi,
menyediakan,
menumpang,
 selain,
khidmat,
saringan,
kesihatan,
mental,
ujian,
pengesanan,
penyalahgunaan,
bahan,
terlarang,
bantuan,
rujukan,
berkaitan  ,
operasi,
diurus,
 ngo ,
dilantik,
kementerian,
jawatankuasa,
penyelarasan,
pemantauan,
 jppsb ,
amal,
xin,
 anchor ,
mengurus,
 kerajaan,
menampung,
kos,
ttug  ,
ngo ngo,
bulan,
merah,
lions,
junior,
international,
krt,
drive,
chinese,
conference ,
in,
individu individu,
bermurah,
menyatakan,
menyumbang,
kementeriannya,
merancang,
dipengerusikan,
masing masing ,
 bagi,
menyokong,
usaha usaha,
menikmati,
hospital,
dinaik,
semakin,
sesak,
berbaris,
panjang ,
keadaan,
terpaksa,
rawatan ,
diharap,
mempertimbangkan,
sesak ,
 pkr ,
ber kata ,
wajar,
disegerakan,
berikutan,
bersesuaian,
semasa ,
menangani,
kesesakan,
pesakit ,
populasi,
penduduk,
meningkat,
kebelakangan,
memerlukan,
berhampiran ,
biarkan,
sebaliknya,
keselesaan,
diambil,
kira  ,
menurut,
peningkatan,
ketara,
bilangan,
pesakit,
rawatan,
berkenaan ,
ujar,
menyebabkan,
ketidaksele saan,
tekanan,
kakitangan,
bertugas,
sehubungan,
mencadangkan,
memperbesarkan,
menunggu,
menambah,
doktor,
farmasi ,
 berdasarkan,
pengalaman,
gili ran  ,
persekitaran,
selesa,
ramai ,
peruntukan,
naik,
sebaiknya,
rakyat ,
 berdiri ,
tengah  ,
merakam,
kenangan,
udin ,
rumah rumah,
diingatkan,
disalurkan,
sebaiknya ,
king,
diberikan,
tunai,
keselamatan,
hendaklah,
digunakan,
manfaat,
diselewengkan,
tujuan,
mendapati,
menyalahgunakan,
maka,
teragak agak,
menyenaraihitamkan,
seterusnya ,
 jangan,
beli,
tolong ,
selain,
tersebut  ,
nasat ,
anjuran,
tengah,
kanan,
merangkap,
siew ,
tetamu,
jemputan,
khas,
perdana,
menegaskan,
memfokuskan,
pihaknya,
ditender,
kontraktor,
dilaksanakan,
sendiri,
gotong royong,
cara,
melibatkan,
berkurangan,
kosnya,
baik,
berjumpa,
mengalu alukan,
tuai tuai,
mengemukakan,
permohonan,
berkaitan,
tegas,
menyalurkan,
wang,
wang ,
kediaman,
sempurna  ,
terdahulu,
ucapannya ,
mana,
masih,
belum,
memiliki,
justeru ,
membuka,
segera,
 semalam ,
sebanyak,
keseluruhannya,
 namun ,
fasa fasa,
tertentu,
fasa,
seterusnya  ,
watt,
zacchaeus,
komited,
terjejas,
gotong royong ,
 empat,
memegang,
perasmian,
wabak,
mega,
perintah,
kawalan,
pergerakan,
susulan,
penularan,
christopher,
sambang,
membelanjakan,
kira kira,
bilion,
kelompok,
ketinggalan ,
memberitahu ,
ditonjolkan,
persekutuan,
berusaha,
akibat,
pelaksanaan,
lalu  ,
dianjurkan,
 mdlbs  ,
seramai,
diagihkan,
merakamkan,
penghargaan,
membekalkan,
 penghargaan,
petugas,
hadapan,
 frontliner ,
selangau  ,
hijau,
pekan,
kukuhkan,
patriotik ,
mengibarkan,
gemilang,
p    ,
tayan sungai,
sarikei,
detik,
peristiwa,
bersejarah,
diingati,
kebanggaan,
tan,
ikom,
ketiga tiga,
maknanya,
menghargainya,
kemungkinan,
tergugat ,
 sekiranya,
mempertahankan,
tersendiri,
perpaduan ,
mengutamakan,
sesama,
janganlah,
lain  ,
indentiti,
tersendiri ,
dibawa,
negara ,
 tidak,
ketinggalan,
mempu nyai,
kebebasan ,
hala,
maju  ,
menyemai,
erti,
kemerdekaan,
pedalaman ,
berasa,
keterujaan,
ditunjukkan,
diharapkan,
patriotisme,
keamanan ,
keharmonian,
terserlah,
unity,
walk,
sempena,
sambutan,
ihsan,
membina,
pelancongan ,
kesenian,
kebudayaan,
hamzah ,
tanpa,
sokongan,
dihajati,
dicapai ,
jayanya,
 inilah,
sebabnya,
menganjurkan,
walk ,
mengeratkan,
silaturahim,
 tanpa,
wujudnya,
erat ,
ianya,
sama sama,
memajukan,
berbalah  ,
suarah ,
dihadiri,
di pertua,
mahmud,
isteri,
puan,
kurdi,
openg ,
bertanggungjawab,
mengecapi,
tahap,
pembangunan ,
bagaimanapun,
lupa,
bergolek,
berkat,
perjuangan,
 banyak,
lebuhraya,
jambatan,
perindustrian,
lain lain,
bergerak ,
lonjakan,
sempurna,
datang  ,
denggi,
mendadak,
sempurai,
langkah,
pencegahan ,
pemilik,
 dua,
drastik,
 mdlbs ,
mendedahkannya,
laporan,
mdlbs,
dicatatkan,
julai,
agak,
bimbang,
 menurut,
laporan ,
perbandingan ,
 peningkatan,
kebersihan,
sekeliling,
pembiakan,
aedes ,
memeriksa,
undang undang,
lalai,
membiarkan,
aedes,
ucapan,
alu aluan,
tetap,
tempatan,
perumahan,
ling,
ching,
yong ,
pemangku,
min,
inting,
pemanca,
ganggang ,
mengulangi,
gesaannya,
sekitarnya,
 gotong royong,
bersih,
kebiasaan,
indah  ,
menggesa,
setempat,
mematuhi,
standard,
rantaian,
meninggal,
mendorong,
pasukan,
khusus,
mengekang,
penyebaran,
pentadbiran,
mdlbs ,
berkuasa,
penduduk ,
perniagaan,
bandar ,
melaksanakan,
tanggungjawabnya,
mencegah,
menjangkiti,
anjing,
mengurung,
peliharaan,
jangkitan,
laksana,
lanjutan,
dis,
jo,
ditemui,
pemberita,
bcck ,
song,
wei ,
menyambut,
melanjutkan,
pemulihan,
disember,
depan ,
diumumkan,
yassin,
 sarawak,
ikut,
perkara ,
 seperti,
tahu ,
zealand,
kembali,
 covid      ,
 hw   ,
perancangan,
memperkenalkan,
sayang,
bkss,
kira,
pakej,
iaitu,
rancang,
awal,
depan,
menjangkakan,
perutusan,
jumaat,
lepas ,
memandangkan,
berdepan,
pelanjutan,
penguatkuasaan,
pengawalan,
berjangkit,
diambil ,
cadangan,
menaikkan,
kadar,
kompaun,
kesalahan kesalahan,
sekurang kurangnya,
ganda,
sekarang ,
diperhalusi,
dipinda,
terlebih,
dahulu ,
guru,
jurutera,
pengurus,
bank,
sarif,
kadri,
asnaf,
mat,
peneraju,
membangunkan,
insan,
berpengetahuan ,
berkemahiran,
berkeperibadian,
mulia ,
sesuailah,
 berguru,
bina,
baharu  ,
penekanan,
memperkasa,
ilmu,
pengetahuan,
seiring,
falsafah,
 kendatipun,
begitu ,
diibaratkan,
lilin,
membakar,
dirinya,
menerangi,
mendapani,
onak,
cabaran,
melayan,
kerenah,
anak anak,
muridnya ,
meniti,
kian,
sukar  ,
berbicara,
tentang,
mengucapkan,
tahniah,
warga,
pencapaian,
membanggakan,
 dalam,
sangat,
keputusan,
peperiksaan,
awam ,
persekolahan,
 kejayaan,
lepas,
mencatat,
senarai,
berprestasi,
cemerlang,
 malah ,
melakar,
kejayaan,
memberangsangkan,
anugerah,
sederap,
kecemerlangan,
kecemerlangan  ,
berbalik,
membawa,
maksud,
mendalam,
selari,
 gabungan,
perkataan,
menggambarkan,
memerangi,
samping,
begitu,
cakna,
melakukan,
merangkumi,
aspek,
kelangsungan,
hee,
canselor,
universiti,
 ucts ,
madya,
ali ,
dsp,
bahar ,
temenggung,
lau,
ming,
gramong ,
florence,
nervyn,
petani ,
penternak,
nelayan,
dibantu,
pasarkan,
tingkat,
pemasaran ,
jakaria,
segantang ,
pemodenan,
wilayah,
memperluaskan,
peranannya,
ismail,
banyak ,
memperkembangkan,
fungsinya,
hasil,
pemprosesan,
pembungkusan,
 pendekatan,
bru,
tahun ,
 kementerian,
pendekatan,
baharu ,
pengeluaran,
diwujudkan,
pemasaran  ,
community,
programme,
baru baru,
penghulu,
bakar,
majit ,
buah,
misalnya,
minuman,
jus,
harganya,
mahal ,
memberitahu,
memilih,
tanaman,
sahaja,
kelapa ,
durian,
dipilih,
 kebetulan,
jenis,
pembungkusan ,
stesen,
buah buahan,
madu ,
kelapa  ,
ujarnya,
berperingkat,
lokasi,
mastura,
alision ,
disaksi,
kehormat,
hal,
ehwal,
agama agama,
menitikberatkan,
tunjang,
persatuannya,
memperkukuhkan,
terbabit ,
menjelaskan,
ringkas,
malah,
kagum,
menterinya,
bercadang,
dipersembahkan,
agong ,
disampaikan,
bangunan,
 forum ,
bangunannya,
kedayan,
miriek,
mendapat,
perhatian,
pula ,
indu,
graduan,
bantuan ,
hassan ,
kekalkan,
tandingi,
kelihatan,
speaker,
gerawat,
dominasinya,
dipertandingkan,
maklum,
 dipertandingkan,
berkenaan  ,
dibangkitkan,
permintaan,
krian ,
asli ,
dimenanginya,
pdp ,
manggil,
 bersatu  ,
situasi,
menang menang,
menyuarakan,
menyokongnya,
melepaskan,
pendiriannya,
pula,
enggan,
lanjut,
berkata  tunggulah,
 negeri ,
sebaliknya  ,
tradisinya,
sebelumnya,
ke    ,
mengagihkan,
ditandingi,
 prs ,
berakhir,
dibubarkan,
clare,
cinderella,
ting,
baiki,
jeti,
usang,
ringgil,
membantu ,
 depan ,
dawi ,
siap,
dibaiki ,
dibaiki,
pemuda,
memohon,
berhasil ,
menghulurkan,
sumba ngan,
binaan,
membaiki,
 jeti,
 demi,
kecelakaan,
kemalangan,
menimpa,
rosak,
rapuh,
kata nya,
satu satunya,
memancing,
 setelah,
bertahun tahun,
digunakan ,
buruk,
berulang,
membaikinya,
berhasil  ,
pangkalan,
mengunjungi,
situ,
berkemungkinan,
runtuh,
diperbaiki ,
rombongan,
diabai kan,
selama,
akhirnya,
dipenuhi  ,
siapnya,
selamat ,
pihak nya,
komprehensif,
lengkap ,
pertolongan,
komunikasi,
mewakili,
berhubung,
menyelesaikan,
inilah,
niat,
berpolitik  ,
kepadanya,
didengari,
singkat ,
pemeriksaan,
lawatan,
memperoleh,
pemahaman,
esok,
ajak,
ceburi,
kunjungan,
su,
serian,
 saberkas ,
mengajak,
menceburi,
menjana,
lumayan,
menumpukan,
menggalakkan,
usahawan,
berkurangan ,
 jadi,
adanya,
disediakan ,
gus,
menarik,
minat,
pertanian  ,
jawankuasa,
diusahakan,
teratur ,
 sekarang,
pengusaha,
menempa,
lahirkan,
tujuannya,
mempelajari,
teknik,
internet,
 iot ,
fertigasi ,
 ia,
kaedah,
sarawak  katanya ,
memulakan,
mengusahakan,
rambutan ,
cempedak,
langsat ,
empurau,
segala,
agritech,
bhd,
berbentuk,
sindang,
tertinggi,
marlinda,
mardzuki,
beri,
mengucup,
permulihan,
dilanjutkan,
tentunya,
melandaikan,
keluk,
dilandaikan ,
kemuncupan,
negara  ,
akademi,
kesukaran,
disebabkan,
dilaksanakan ,
 kajian,
perangkaan,
isi,
 kembali,
pulih  ,
keluaran,
 kdnk ,
menguncup  ,
kewangan,
menyuntik,
memulih,
memacu,
suruhanjaya,
manusia,
pengangguran,
melebihi,
 negara,
menanggung,
dilaksana,
 sekatan,
sepenuh ,
diberhentikan ,
dianggarkan,
mengalami,
kerugian,
pkp  ,
ahad,
melaporkan,
adham,
baba,
saranan,
jangkaan,
sedunia,
mengatakan,
covid,
membendung,
melancarkan,
pembudayaan,
normal,
 untuk,
kkm,
dipertimbangkan,
laksanakan,
terkawal ,
jadi,
terpulang,
umumkannya,
terdekat ,
bergelut,
mengawal,
sempadan,
baik  ,
dikuatkuasakan,
dijadual,
menggantikan,
bersyarat,
mula,
kelonggaran,
menjalani,
seharian,
berterusan ,
keagamaan ,
perniagaan ,
sebagainya,
pematuhan,
sepenuhnya,
komersial,
urus,
niaga,
dibenarkan ,
indoor,
dobi,
layan,
perikanan,
rekreasi,
kolam,
pancing,
penggambaran,
patricia,
bukti,
kesungguhan,
turun,
padang ,
sikie,
ado,
bekalan,
elektrik,
punan ,
kubong ,
tatau ,
projek projek,
memperlihatkan,
meme nuhi,
bumiputera ,
tayai,
penyediaan,
berkos,
achun ,
kelebu ,
 projek projek,
samarakan ,
menuju,
enjan ,
blue ,
elektrik  ,
kelancarannya,
disiapkan,
jangka,
ditetapkan ,
penyambungan,
pembekalan,
 sares ,
anap ,
pemasangan,
tau ,
pa tinggi,
asas,
di luluskan,
air,
jeffery,
kiah,
juta  ,
menasihati,
memasang,
sen diri,
pendawaian,
 seb ,
mengelak,
litar,
pintas,
kebakaran ,
tadbir,
dian ,
jubin ,
heriwan,
seb,
paris ,
magai,
kinchang ,
             angela desak zuraida tunaikan janji bina     balai bomb ,
manifesto,
 tengah ,
penceramah,
muhammad,
sanusi,
perjanjian,
dihadapi,
diperjuangkan,
 ncr  ,
kajian,
serahkan,
bertauliah,
hadapi,
square ,
pending,
agung,
lo ,
johnichal,
rayong,
see,
how,
patriot,
peguam,
bawin,
 tanah,
ncr  ,
hak hak,
gas,
wong ,
kepentingan,
terhakis,
seharusnya,
fakta,
data,
teguh,
apa apa,
termaktub,
pernah,
menyoal,
persoalan,
dijawab,
menfailkan,
terhadapnya,
mahkamah ,
jawapan,
bangkitkan,
saya ,
jumpa,
selesaikannya  ,
serius,
menyemak,
mengiktiraf,
menoa,
galau ,
terikat,
mana mana,
gabungan ,
perubahan,
sampah,
cemarkan,
pantai,
simbolik,
perasmian ,
usman,
tanjung,
punca,
pencemaran,
sungai sungai,
shin ,
sampah sarap,
dibuang,
hanyut,
marina ,
dikendalikan,
 bagaimana,
sampai,
adakah,
membuang,
tidak ,
industri industri,
kalau,
buang,
hujan ,
bawa,
punca  ,
pembuangan,
bot ,
menjadikannya,
sampah ,
harian,
rezeki ,
pengangkutan ,
pendedahan ,
mewarna,
faham,
penjagaan,
tersenarai,
tercemar,
imej,
peranginan,
pelancongan,
bandaraya,
peniaga,
menguruskan,
diperlukan ,
 berilah,
mencukupi,
membolehkan,
baik ,
diambil  ,
dikenakan,
kampung ,
     kg,
dikutip,
mengutip,
sebelah,
dimulakan,
mbm,
kanak kanak ,
berdekatan,
murni,
suleiman ,
steve,
annuar,
keprihatinan,
huang,
wakilgereja,
metho dist,
nyelong ,
sarikei ,
institusi,
repok,
sii,
tesebut,
 sokongan,
transformasi,
pusat pusat,
 dun  ,
keterbukaan,
aga ma,
bijak,
toleran  ,
huang ,
tinjauan,
gereja,
repok ,
rombongannya,
berkunjung,
met hodist,
nyelong,
st,
alban ,
rtp,
 gereja,
alban,
 daripada,
rtp ,
 peruntukan,
nanti,
berjanji,
sentasa,
penganjuran,
progam,
impak,
positif ,
harmoni  ,
penempatan,
murni ,
mangsa,
diketuai,
banchang ,
dinding,
berteduh,
membersih,
sisa sisa,
berbahaya  ,
kenyataan ,
seragam,
musnah,
sabut,
ppjkr,
fadzil,
teruja,
taklimat,
area,
committee ,
belayong,
prasana,
mustahak,
mengembangkan,
bakat,
murid,
benedine ,
berfaedah,
membabitkan,
murid murid,
kegunaan,
ceramah ,
motivasi,
sekolah sekolah,
 secara,
berguna,
jalinan,
erat,
pendidik,
matlamat,
khamis ,
patric,
sejajar,
mendidik,
dewasa,
yakin ,
prasarana,
sempurna ,
 peranan,
fungsi,
tradisi ,
dididik,
pewaris,
berilmu,
berakhlak,
mulia  ,
ibu,
bapa,
mementingkan,
menyedari,
senjata,
ampuh,
menempuh,
zaman,
era,
kemajuan ,
mandela,
is,
powerful,
which,
use,
change,
pibg  ,
suatu,
digalak,
sumbang,
balik,
terimalah ,
penerima ,
nanti ,
arbi,
generasi ,
 nanti,
bekerjaya,
berjaya ,
setempat  ,
penyampaian,
 one off  ,
sedikit,
perbelanjaan,
terdapat,
pinjaman,
dipohon ,
antaranya,
amanah,
perbadanan,
 ptptn  ,
sempat,
berpesan,
melunaskan,
bayaran,
setinggi tinggi,
sampaikan,
